20230101;2023-01-01;Domingo;1;Janeiro;Jan;1;1;2023
20230102;2023-01-02;Segunda-Feira;1;Janeiro;Jan;1;1;2023
20230103;2023-01-03;Terça-Feira;1;Janeiro;Jan;1;1;2023
20230104;2023-01-04;Quarta-Feira;1;Janeiro;Jan;1;1;2023
20230105;2023-01-05;Quinta-Feira;1;Janeiro;Jan;1;1;2023
20230106;2023-01-06;Sexta-Feira;1;Janeiro;Jan;1;1;2023
20230107;2023-01-07;Sábado;1;Janeiro;Jan;1;1;2023
20230108;2023-01-08;Domingo;2;Janeiro;Jan;1;1;2023
20230109;2023-01-09;Segunda-Feira;2;Janeiro;Jan;1;1;2023
20230110;2023-01-10;Terça-Feira;2;Janeiro;Jan;1;1;2023
20230111;2023-01-11;Quarta-Feira;2;Janeiro;Jan;1;1;2023
20230112;2023-01-12;Quinta-Feira;2;Janeiro;Jan;1;1;2023
20230113;2023-01-13;Sexta-Feira;2;Janeiro;Jan;1;1;2023
20230114;2023-01-14;Sábado;2;Janeiro;Jan;1;1;2023
20230115;2023-01-15;Domingo;3;Janeiro;Jan;1;1;2023
20230116;2023-01-16;Segunda-Feira;3;Janeiro;Jan;1;1;2023
20230117;2023-01-17;Terça-Feira;3;Janeiro;Jan;1;1;2023
20230118;2023-01-18;Quarta-Feira;3;Janeiro;Jan;1;1;2023
20230119;2023-01-19;Quinta-Feira;3;Janeiro;Jan;1;1;2023
20230120;2023-01-20;Sexta-Feira;3;Janeiro;Jan;1;1;2023
20230121;2023-01-21;Sábado;3;Janeiro;Jan;1;1;2023
20230122;2023-01-22;Domingo;4;Janeiro;Jan;1;1;2023
20230123;2023-01-23;Segunda-Feira;4;Janeiro;Jan;1;1;2023
20230124;2023-01-24;Terça-Feira;4;Janeiro;Jan;1;1;2023
20230125;2023-01-25;Quarta-Feira;4;Janeiro;Jan;1;1;2023
20230126;2023-01-26;Quinta-Feira;4;Janeiro;Jan;1;1;2023
20230127;2023-01-27;Sexta-Feira;4;Janeiro;Jan;1;1;2023
20230128;2023-01-28;Sábado;4;Janeiro;Jan;1;1;2023
20230129;2023-01-29;Domingo;5;Janeiro;Jan;1;1;2023
20230130;2023-01-30;Segunda-Feira;5;Janeiro;Jan;1;1;2023
20230131;2023-01-31;Terça-Feira;5;Janeiro;Jan;1;1;2023
20230201;2023-02-01;Quarta-Feira;5;Fevereiro;Fev;2;1;2023
20230202;2023-02-02;Quinta-Feira;5;Fevereiro;Fev;2;1;2023
20230203;2023-02-03;Sexta-Feira;5;Fevereiro;Fev;2;1;2023
20230204;2023-02-04;Sábado;5;Fevereiro;Fev;2;1;2023
20230205;2023-02-05;Domingo;6;Fevereiro;Fev;2;1;2023
20230206;2023-02-06;Segunda-Feira;6;Fevereiro;Fev;2;1;2023
20230207;2023-02-07;Terça-Feira;6;Fevereiro;Fev;2;1;2023
20230208;2023-02-08;Quarta-Feira;6;Fevereiro;Fev;2;1;2023
20230209;2023-02-09;Quinta-Feira;6;Fevereiro;Fev;2;1;2023
20230210;2023-02-10;Sexta-Feira;6;Fevereiro;Fev;2;1;2023
20230211;2023-02-11;Sábado;6;Fevereiro;Fev;2;1;2023
20230212;2023-02-12;Domingo;7;Fevereiro;Fev;2;1;2023
20230213;2023-02-13;Segunda-Feira;7;Fevereiro;Fev;2;1;2023
20230214;2023-02-14;Terça-Feira;7;Fevereiro;Fev;2;1;2023
20230215;2023-02-15;Quarta-Feira;7;Fevereiro;Fev;2;1;2023
20230216;2023-02-16;Quinta-Feira;7;Fevereiro;Fev;2;1;2023
20230217;2023-02-17;Sexta-Feira;7;Fevereiro;Fev;2;1;2023
20230218;2023-02-18;Sábado;7;Fevereiro;Fev;2;1;2023
20230219;2023-02-19;Domingo;8;Fevereiro;Fev;2;1;2023
20230220;2023-02-20;Segunda-Feira;8;Fevereiro;Fev;2;1;2023
20230221;2023-02-21;Terça-Feira;8;Fevereiro;Fev;2;1;2023
20230222;2023-02-22;Quarta-Feira;8;Fevereiro;Fev;2;1;2023
20230223;2023-02-23;Quinta-Feira;8;Fevereiro;Fev;2;1;2023
20230224;2023-02-24;Sexta-Feira;8;Fevereiro;Fev;2;1;2023
20230225;2023-02-25;Sábado;8;Fevereiro;Fev;2;1;2023
20230226;2023-02-26;Domingo;9;Fevereiro;Fev;2;1;2023
20230227;2023-02-27;Segunda-Feira;9;Fevereiro;Fev;2;1;2023
20230228;2023-02-28;Terça-Feira;9;Fevereiro;Fev;2;1;2023
20230301;2023-03-01;Quarta-Feira;9;Março;Mar;3;1;2023
20230302;2023-03-02;Quinta-Feira;9;Março;Mar;3;1;2023
20230303;2023-03-03;Sexta-Feira;9;Março;Mar;3;1;2023
20230304;2023-03-04;Sábado;9;Março;Mar;3;1;2023
20230305;2023-03-05;Domingo;10;Março;Mar;3;1;2023
20230306;2023-03-06;Segunda-Feira;10;Março;Mar;3;1;2023
20230307;2023-03-07;Terça-Feira;10;Março;Mar;3;1;2023
20230308;2023-03-08;Quarta-Feira;10;Março;Mar;3;1;2023
20230309;2023-03-09;Quinta-Feira;10;Março;Mar;3;1;2023
20230310;2023-03-10;Sexta-Feira;10;Março;Mar;3;1;2023
20230311;2023-03-11;Sábado;10;Março;Mar;3;1;2023
20230312;2023-03-12;Domingo;11;Março;Mar;3;1;2023
20230313;2023-03-13;Segunda-Feira;11;Março;Mar;3;1;2023
20230314;2023-03-14;Terça-Feira;11;Março;Mar;3;1;2023
20230315;2023-03-15;Quarta-Feira;11;Março;Mar;3;1;2023
20230316;2023-03-16;Quinta-Feira;11;Março;Mar;3;1;2023
20230317;2023-03-17;Sexta-Feira;11;Março;Mar;3;1;2023
20230318;2023-03-18;Sábado;11;Março;Mar;3;1;2023
20230319;2023-03-19;Domingo;12;Março;Mar;3;1;2023
20230320;2023-03-20;Segunda-Feira;12;Março;Mar;3;1;2023
20230321;2023-03-21;Terça-Feira;12;Março;Mar;3;1;2023
20230322;2023-03-22;Quarta-Feira;12;Março;Mar;3;1;2023
20230323;2023-03-23;Quinta-Feira;12;Março;Mar;3;1;2023
20230324;2023-03-24;Sexta-Feira;12;Março;Mar;3;1;2023
20230325;2023-03-25;Sábado;12;Março;Mar;3;1;2023
20230326;2023-03-26;Domingo;13;Março;Mar;3;1;2023
20230327;2023-03-27;Segunda-Feira;13;Março;Mar;3;1;2023
20230328;2023-03-28;Terça-Feira;13;Março;Mar;3;1;2023
20230329;2023-03-29;Quarta-Feira;13;Março;Mar;3;1;2023
20230330;2023-03-30;Quinta-Feira;13;Março;Mar;3;1;2023
20230331;2023-03-31;Sexta-Feira;13;Março;Mar;3;1;2023
20230401;2023-04-01;Sábado;13;Abril;Abr;4;2;2023
20230402;2023-04-02;Domingo;14;Abril;Abr;4;2;2023
20230403;2023-04-03;Segunda-Feira;14;Abril;Abr;4;2;2023
20230404;2023-04-04;Terça-Feira;14;Abril;Abr;4;2;2023
20230405;2023-04-05;Quarta-Feira;14;Abril;Abr;4;2;2023
20230406;2023-04-06;Quinta-Feira;14;Abril;Abr;4;2;2023
20230407;2023-04-07;Sexta-Feira;14;Abril;Abr;4;2;2023
20230408;2023-04-08;Sábado;14;Abril;Abr;4;2;2023
20230409;2023-04-09;Domingo;15;Abril;Abr;4;2;2023
20230410;2023-04-10;Segunda-Feira;15;Abril;Abr;4;2;2023
20230411;2023-04-11;Terça-Feira;15;Abril;Abr;4;2;2023
20230412;2023-04-12;Quarta-Feira;15;Abril;Abr;4;2;2023
20230413;2023-04-13;Quinta-Feira;15;Abril;Abr;4;2;2023
20230414;2023-04-14;Sexta-Feira;15;Abril;Abr;4;2;2023
20230415;2023-04-15;Sábado;15;Abril;Abr;4;2;2023
20230416;2023-04-16;Domingo;16;Abril;Abr;4;2;2023
20230417;2023-04-17;Segunda-Feira;16;Abril;Abr;4;2;2023
20230418;2023-04-18;Terça-Feira;16;Abril;Abr;4;2;2023
20230419;2023-04-19;Quarta-Feira;16;Abril;Abr;4;2;2023
20230420;2023-04-20;Quinta-Feira;16;Abril;Abr;4;2;2023
20230421;2023-04-21;Sexta-Feira;16;Abril;Abr;4;2;2023
20230422;2023-04-22;Sábado;16;Abril;Abr;4;2;2023
20230423;2023-04-23;Domingo;17;Abril;Abr;4;2;2023
20230424;2023-04-24;Segunda-Feira;17;Abril;Abr;4;2;2023
20230425;2023-04-25;Terça-Feira;17;Abril;Abr;4;2;2023
20230426;2023-04-26;Quarta-Feira;17;Abril;Abr;4;2;2023
20230427;2023-04-27;Quinta-Feira;17;Abril;Abr;4;2;2023
20230428;2023-04-28;Sexta-Feira;17;Abril;Abr;4;2;2023
20230429;2023-04-29;Sábado;17;Abril;Abr;4;2;2023
20230430;2023-04-30;Domingo;18;Abril;Abr;4;2;2023
20230501;2023-05-01;Segunda-Feira;18;Maio;Mai;5;2;2023
20230502;2023-05-02;Terça-Feira;18;Maio;Mai;5;2;2023
20230503;2023-05-03;Quarta-Feira;18;Maio;Mai;5;2;2023
20230504;2023-05-04;Quinta-Feira;18;Maio;Mai;5;2;2023
20230505;2023-05-05;Sexta-Feira;18;Maio;Mai;5;2;2023
20230506;2023-05-06;Sábado;18;Maio;Mai;5;2;2023
20230507;2023-05-07;Domingo;19;Maio;Mai;5;2;2023
20230508;2023-05-08;Segunda-Feira;19;Maio;Mai;5;2;2023
20230509;2023-05-09;Terça-Feira;19;Maio;Mai;5;2;2023
20230510;2023-05-10;Quarta-Feira;19;Maio;Mai;5;2;2023
20230511;2023-05-11;Quinta-Feira;19;Maio;Mai;5;2;2023
20230512;2023-05-12;Sexta-Feira;19;Maio;Mai;5;2;2023
20230513;2023-05-13;Sábado;19;Maio;Mai;5;2;2023
20230514;2023-05-14;Domingo;20;Maio;Mai;5;2;2023
20230515;2023-05-15;Segunda-Feira;20;Maio;Mai;5;2;2023
20230516;2023-05-16;Terça-Feira;20;Maio;Mai;5;2;2023
20230517;2023-05-17;Quarta-Feira;20;Maio;Mai;5;2;2023
20230518;2023-05-18;Quinta-Feira;20;Maio;Mai;5;2;2023
20230519;2023-05-19;Sexta-Feira;20;Maio;Mai;5;2;2023
20230520;2023-05-20;Sábado;20;Maio;Mai;5;2;2023
20230521;2023-05-21;Domingo;21;Maio;Mai;5;2;2023
20230522;2023-05-22;Segunda-Feira;21;Maio;Mai;5;2;2023
20230523;2023-05-23;Terça-Feira;21;Maio;Mai;5;2;2023
20230524;2023-05-24;Quarta-Feira;21;Maio;Mai;5;2;2023
20230525;2023-05-25;Quinta-Feira;21;Maio;Mai;5;2;2023
20230526;2023-05-26;Sexta-Feira;21;Maio;Mai;5;2;2023
20230527;2023-05-27;Sábado;21;Maio;Mai;5;2;2023
20230528;2023-05-28;Domingo;22;Maio;Mai;5;2;2023
20230529;2023-05-29;Segunda-Feira;22;Maio;Mai;5;2;2023
20230530;2023-05-30;Terça-Feira;22;Maio;Mai;5;2;2023
20230531;2023-05-31;Quarta-Feira;22;Maio;Mai;5;2;2023
20230601;2023-06-01;Quinta-Feira;22;Junho;Jun;6;2;2023
20230602;2023-06-02;Sexta-Feira;22;Junho;Jun;6;2;2023
20230603;2023-06-03;Sábado;22;Junho;Jun;6;2;2023
20230604;2023-06-04;Domingo;23;Junho;Jun;6;2;2023
20230605;2023-06-05;Segunda-Feira;23;Junho;Jun;6;2;2023
20230606;2023-06-06;Terça-Feira;23;Junho;Jun;6;2;2023
20230607;2023-06-07;Quarta-Feira;23;Junho;Jun;6;2;2023
20230608;2023-06-08;Quinta-Feira;23;Junho;Jun;6;2;2023
20230609;2023-06-09;Sexta-Feira;23;Junho;Jun;6;2;2023
20230610;2023-06-10;Sábado;23;Junho;Jun;6;2;2023
20230611;2023-06-11;Domingo;24;Junho;Jun;6;2;2023
20230612;2023-06-12;Segunda-Feira;24;Junho;Jun;6;2;2023
20230613;2023-06-13;Terça-Feira;24;Junho;Jun;6;2;2023
20230614;2023-06-14;Quarta-Feira;24;Junho;Jun;6;2;2023
20230615;2023-06-15;Quinta-Feira;24;Junho;Jun;6;2;2023
20230616;2023-06-16;Sexta-Feira;24;Junho;Jun;6;2;2023
20230617;2023-06-17;Sábado;24;Junho;Jun;6;2;2023
20230618;2023-06-18;Domingo;25;Junho;Jun;6;2;2023
20230619;2023-06-19;Segunda-Feira;25;Junho;Jun;6;2;2023
20230620;2023-06-20;Terça-Feira;25;Junho;Jun;6;2;2023
20230621;2023-06-21;Quarta-Feira;25;Junho;Jun;6;2;2023
20230622;2023-06-22;Quinta-Feira;25;Junho;Jun;6;2;2023
20230623;2023-06-23;Sexta-Feira;25;Junho;Jun;6;2;2023
20230624;2023-06-24;Sábado;25;Junho;Jun;6;2;2023
20230625;2023-06-25;Domingo;26;Junho;Jun;6;2;2023
20230626;2023-06-26;Segunda-Feira;26;Junho;Jun;6;2;2023
20230627;2023-06-27;Terça-Feira;26;Junho;Jun;6;2;2023
20230628;2023-06-28;Quarta-Feira;26;Junho;Jun;6;2;2023
20230629;2023-06-29;Quinta-Feira;26;Junho;Jun;6;2;2023
20230630;2023-06-30;Sexta-Feira;26;Junho;Jun;6;2;2023
20230701;2023-07-01;Sábado;26;Julho;Jul;7;3;2023
20230702;2023-07-02;Domingo;27;Julho;Jul;7;3;2023
20230703;2023-07-03;Segunda-Feira;27;Julho;Jul;7;3;2023
20230704;2023-07-04;Terça-Feira;27;Julho;Jul;7;3;2023
20230705;2023-07-05;Quarta-Feira;27;Julho;Jul;7;3;2023
20230706;2023-07-06;Quinta-Feira;27;Julho;Jul;7;3;2023
20230707;2023-07-07;Sexta-Feira;27;Julho;Jul;7;3;2023
20230708;2023-07-08;Sábado;27;Julho;Jul;7;3;2023
20230709;2023-07-09;Domingo;28;Julho;Jul;7;3;2023
20230710;2023-07-10;Segunda-Feira;28;Julho;Jul;7;3;2023
20230711;2023-07-11;Terça-Feira;28;Julho;Jul;7;3;2023
20230712;2023-07-12;Quarta-Feira;28;Julho;Jul;7;3;2023
20230713;2023-07-13;Quinta-Feira;28;Julho;Jul;7;3;2023
20230714;2023-07-14;Sexta-Feira;28;Julho;Jul;7;3;2023
20230715;2023-07-15;Sábado;28;Julho;Jul;7;3;2023
20230716;2023-07-16;Domingo;29;Julho;Jul;7;3;2023
20230717;2023-07-17;Segunda-Feira;29;Julho;Jul;7;3;2023
20230718;2023-07-18;Terça-Feira;29;Julho;Jul;7;3;2023
20230719;2023-07-19;Quarta-Feira;29;Julho;Jul;7;3;2023
20230720;2023-07-20;Quinta-Feira;29;Julho;Jul;7;3;2023
20230721;2023-07-21;Sexta-Feira;29;Julho;Jul;7;3;2023
20230722;2023-07-22;Sábado;29;Julho;Jul;7;3;2023
20230723;2023-07-23;Domingo;30;Julho;Jul;7;3;2023
20230724;2023-07-24;Segunda-Feira;30;Julho;Jul;7;3;2023
20230725;2023-07-25;Terça-Feira;30;Julho;Jul;7;3;2023
20230726;2023-07-26;Quarta-Feira;30;Julho;Jul;7;3;2023
20230727;2023-07-27;Quinta-Feira;30;Julho;Jul;7;3;2023
20230728;2023-07-28;Sexta-Feira;30;Julho;Jul;7;3;2023
20230729;2023-07-29;Sábado;30;Julho;Jul;7;3;2023
20230730;2023-07-30;Domingo;31;Julho;Jul;7;3;2023
20230731;2023-07-31;Segunda-Feira;31;Julho;Jul;7;3;2023
20230801;2023-08-01;Terça-Feira;31;Agosto;Ago;8;3;2023
20230802;2023-08-02;Quarta-Feira;31;Agosto;Ago;8;3;2023
20230803;2023-08-03;Quinta-Feira;31;Agosto;Ago;8;3;2023
20230804;2023-08-04;Sexta-Feira;31;Agosto;Ago;8;3;2023
20230805;2023-08-05;Sábado;31;Agosto;Ago;8;3;2023
20230806;2023-08-06;Domingo;32;Agosto;Ago;8;3;2023
20230807;2023-08-07;Segunda-Feira;32;Agosto;Ago;8;3;2023
20230808;2023-08-08;Terça-Feira;32;Agosto;Ago;8;3;2023
20230809;2023-08-09;Quarta-Feira;32;Agosto;Ago;8;3;2023
20230810;2023-08-10;Quinta-Feira;32;Agosto;Ago;8;3;2023
20230811;2023-08-11;Sexta-Feira;32;Agosto;Ago;8;3;2023
20230812;2023-08-12;Sábado;32;Agosto;Ago;8;3;2023
20230813;2023-08-13;Domingo;33;Agosto;Ago;8;3;2023
20230814;2023-08-14;Segunda-Feira;33;Agosto;Ago;8;3;2023
20230815;2023-08-15;Terça-Feira;33;Agosto;Ago;8;3;2023
20230816;2023-08-16;Quarta-Feira;33;Agosto;Ago;8;3;2023
20230817;2023-08-17;Quinta-Feira;33;Agosto;Ago;8;3;2023
20230818;2023-08-18;Sexta-Feira;33;Agosto;Ago;8;3;2023
20230819;2023-08-19;Sábado;33;Agosto;Ago;8;3;2023
20230820;2023-08-20;Domingo;34;Agosto;Ago;8;3;2023
20230821;2023-08-21;Segunda-Feira;34;Agosto;Ago;8;3;2023
20230822;2023-08-22;Terça-Feira;34;Agosto;Ago;8;3;2023
20230823;2023-08-23;Quarta-Feira;34;Agosto;Ago;8;3;2023
20230824;2023-08-24;Quinta-Feira;34;Agosto;Ago;8;3;2023
20230825;2023-08-25;Sexta-Feira;34;Agosto;Ago;8;3;2023
20230826;2023-08-26;Sábado;34;Agosto;Ago;8;3;2023
20230827;2023-08-27;Domingo;35;Agosto;Ago;8;3;2023
20230828;2023-08-28;Segunda-Feira;35;Agosto;Ago;8;3;2023
20230829;2023-08-29;Terça-Feira;35;Agosto;Ago;8;3;2023
20230830;2023-08-30;Quarta-Feira;35;Agosto;Ago;8;3;2023
20230831;2023-08-31;Quinta-Feira;35;Agosto;Ago;8;3;2023
20230901;2023-09-01;Sexta-Feira;35;Setembro;Set;9;3;2023
20230902;2023-09-02;Sábado;35;Setembro;Set;9;3;2023
20230903;2023-09-03;Domingo;36;Setembro;Set;9;3;2023
20230904;2023-09-04;Segunda-Feira;36;Setembro;Set;9;3;2023
20230905;2023-09-05;Terça-Feira;36;Setembro;Set;9;3;2023
20230906;2023-09-06;Quarta-Feira;36;Setembro;Set;9;3;2023
20230907;2023-09-07;Quinta-Feira;36;Setembro;Set;9;3;2023
20230908;2023-09-08;Sexta-Feira;36;Setembro;Set;9;3;2023
20230909;2023-09-09;Sábado;36;Setembro;Set;9;3;2023
20230910;2023-09-10;Domingo;37;Setembro;Set;9;3;2023
20230911;2023-09-11;Segunda-Feira;37;Setembro;Set;9;3;2023
20230912;2023-09-12;Terça-Feira;37;Setembro;Set;9;3;2023
20230913;2023-09-13;Quarta-Feira;37;Setembro;Set;9;3;2023
20230914;2023-09-14;Quinta-Feira;37;Setembro;Set;9;3;2023
20230915;2023-09-15;Sexta-Feira;37;Setembro;Set;9;3;2023
20230916;2023-09-16;Sábado;37;Setembro;Set;9;3;2023
20230917;2023-09-17;Domingo;38;Setembro;Set;9;3;2023
20230918;2023-09-18;Segunda-Feira;38;Setembro;Set;9;3;2023
20230919;2023-09-19;Terça-Feira;38;Setembro;Set;9;3;2023
20230920;2023-09-20;Quarta-Feira;38;Setembro;Set;9;3;2023
20230921;2023-09-21;Quinta-Feira;38;Setembro;Set;9;3;2023
20230922;2023-09-22;Sexta-Feira;38;Setembro;Set;9;3;2023
20230923;2023-09-23;Sábado;38;Setembro;Set;9;3;2023
20230924;2023-09-24;Domingo;39;Setembro;Set;9;3;2023
20230925;2023-09-25;Segunda-Feira;39;Setembro;Set;9;3;2023
20230926;2023-09-26;Terça-Feira;39;Setembro;Set;9;3;2023
20230927;2023-09-27;Quarta-Feira;39;Setembro;Set;9;3;2023
20230928;2023-09-28;Quinta-Feira;39;Setembro;Set;9;3;2023
20230929;2023-09-29;Sexta-Feira;39;Setembro;Set;9;3;2023
20230930;2023-09-30;Sábado;39;Setembro;Set;9;3;2023
20231001;2023-10-01;Domingo;40;Outubro;Out;10;4;2023
20231002;2023-10-02;Segunda-Feira;40;Outubro;Out;10;4;2023
20231003;2023-10-03;Terça-Feira;40;Outubro;Out;10;4;2023
20231004;2023-10-04;Quarta-Feira;40;Outubro;Out;10;4;2023
20231005;2023-10-05;Quinta-Feira;40;Outubro;Out;10;4;2023
20231006;2023-10-06;Sexta-Feira;40;Outubro;Out;10;4;2023
20231007;2023-10-07;Sábado;40;Outubro;Out;10;4;2023
20231008;2023-10-08;Domingo;41;Outubro;Out;10;4;2023
20231009;2023-10-09;Segunda-Feira;41;Outubro;Out;10;4;2023
20231010;2023-10-10;Terça-Feira;41;Outubro;Out;10;4;2023
20231011;2023-10-11;Quarta-Feira;41;Outubro;Out;10;4;2023
20231012;2023-10-12;Quinta-Feira;41;Outubro;Out;10;4;2023
20231013;2023-10-13;Sexta-Feira;41;Outubro;Out;10;4;2023
20231014;2023-10-14;Sábado;41;Outubro;Out;10;4;2023
20231015;2023-10-15;Domingo;42;Outubro;Out;10;4;2023
20231016;2023-10-16;Segunda-Feira;42;Outubro;Out;10;4;2023
20231017;2023-10-17;Terça-Feira;42;Outubro;Out;10;4;2023
20231018;2023-10-18;Quarta-Feira;42;Outubro;Out;10;4;2023
20231019;2023-10-19;Quinta-Feira;42;Outubro;Out;10;4;2023
20231020;2023-10-20;Sexta-Feira;42;Outubro;Out;10;4;2023
20231021;2023-10-21;Sábado;42;Outubro;Out;10;4;2023
20231022;2023-10-22;Domingo;43;Outubro;Out;10;4;2023
20231023;2023-10-23;Segunda-Feira;43;Outubro;Out;10;4;2023
20231024;2023-10-24;Terça-Feira;43;Outubro;Out;10;4;2023
20231025;2023-10-25;Quarta-Feira;43;Outubro;Out;10;4;2023
20231026;2023-10-26;Quinta-Feira;43;Outubro;Out;10;4;2023
20231027;2023-10-27;Sexta-Feira;43;Outubro;Out;10;4;2023
20231028;2023-10-28;Sábado;43;Outubro;Out;10;4;2023
20231029;2023-10-29;Domingo;44;Outubro;Out;10;4;2023
20231030;2023-10-30;Segunda-Feira;44;Outubro;Out;10;4;2023
20231031;2023-10-31;Terça-Feira;44;Outubro;Out;10;4;2023
20231101;2023-11-01;Quarta-Feira;44;Novembro;Nov;11;4;2023
20231102;2023-11-02;Quinta-Feira;44;Novembro;Nov;11;4;2023
20231103;2023-11-03;Sexta-Feira;44;Novembro;Nov;11;4;2023
20231104;2023-11-04;Sábado;44;Novembro;Nov;11;4;2023
20231105;2023-11-05;Domingo;45;Novembro;Nov;11;4;2023
20231106;2023-11-06;Segunda-Feira;45;Novembro;Nov;11;4;2023
20231107;2023-11-07;Terça-Feira;45;Novembro;Nov;11;4;2023
20231108;2023-11-08;Quarta-Feira;45;Novembro;Nov;11;4;2023
20231109;2023-11-09;Quinta-Feira;45;Novembro;Nov;11;4;2023
20231110;2023-11-10;Sexta-Feira;45;Novembro;Nov;11;4;2023
20231111;2023-11-11;Sábado;45;Novembro;Nov;11;4;2023
20231112;2023-11-12;Domingo;46;Novembro;Nov;11;4;2023
20231113;2023-11-13;Segunda-Feira;46;Novembro;Nov;11;4;2023
20231114;2023-11-14;Terça-Feira;46;Novembro;Nov;11;4;2023
20231115;2023-11-15;Quarta-Feira;46;Novembro;Nov;11;4;2023
20231116;2023-11-16;Quinta-Feira;46;Novembro;Nov;11;4;2023
20231117;2023-11-17;Sexta-Feira;46;Novembro;Nov;11;4;2023
20231118;2023-11-18;Sábado;46;Novembro;Nov;11;4;2023
20231119;2023-11-19;Domingo;47;Novembro;Nov;11;4;2023
20231120;2023-11-20;Segunda-Feira;47;Novembro;Nov;11;4;2023
20231121;2023-11-21;Terça-Feira;47;Novembro;Nov;11;4;2023
20231122;2023-11-22;Quarta-Feira;47;Novembro;Nov;11;4;2023
20231123;2023-11-23;Quinta-Feira;47;Novembro;Nov;11;4;2023
20231124;2023-11-24;Sexta-Feira;47;Novembro;Nov;11;4;2023
20231125;2023-11-25;Sábado;47;Novembro;Nov;11;4;2023
20231126;2023-11-26;Domingo;48;Novembro;Nov;11;4;2023
20231127;2023-11-27;Segunda-Feira;48;Novembro;Nov;11;4;2023
20231128;2023-11-28;Terça-Feira;48;Novembro;Nov;11;4;2023
20231129;2023-11-29;Quarta-Feira;48;Novembro;Nov;11;4;2023
20231130;2023-11-30;Quinta-Feira;48;Novembro;Nov;11;4;2023
20231201;2023-12-01;Sexta-Feira;48;Dezembro;Dez;12;4;2023
20231202;2023-12-02;Sábado;48;Dezembro;Dez;12;4;2023
20231203;2023-12-03;Domingo;49;Dezembro;Dez;12;4;2023
20231204;2023-12-04;Segunda-Feira;49;Dezembro;Dez;12;4;2023
20231205;2023-12-05;Terça-Feira;49;Dezembro;Dez;12;4;2023
20231206;2023-12-06;Quarta-Feira;49;Dezembro;Dez;12;4;2023
20231207;2023-12-07;Quinta-Feira;49;Dezembro;Dez;12;4;2023
20231208;2023-12-08;Sexta-Feira;49;Dezembro;Dez;12;4;2023
20231209;2023-12-09;Sábado;49;Dezembro;Dez;12;4;2023
20231210;2023-12-10;Domingo;50;Dezembro;Dez;12;4;2023
20231211;2023-12-11;Segunda-Feira;50;Dezembro;Dez;12;4;2023
20231212;2023-12-12;Terça-Feira;50;Dezembro;Dez;12;4;2023
20231213;2023-12-13;Quarta-Feira;50;Dezembro;Dez;12;4;2023
20231214;2023-12-14;Quinta-Feira;50;Dezembro;Dez;12;4;2023
20231215;2023-12-15;Sexta-Feira;50;Dezembro;Dez;12;4;2023
20231216;2023-12-16;Sábado;50;Dezembro;Dez;12;4;2023
20231217;2023-12-17;Domingo;51;Dezembro;Dez;12;4;2023
20231218;2023-12-18;Segunda-Feira;51;Dezembro;Dez;12;4;2023
20231219;2023-12-19;Terça-Feira;51;Dezembro;Dez;12;4;2023
20231220;2023-12-20;Quarta-Feira;51;Dezembro;Dez;12;4;2023
20231221;2023-12-21;Quinta-Feira;51;Dezembro;Dez;12;4;2023
20231222;2023-12-22;Sexta-Feira;51;Dezembro;Dez;12;4;2023
20231223;2023-12-23;Sábado;51;Dezembro;Dez;12;4;2023
20231224;2023-12-24;Domingo;52;Dezembro;Dez;12;4;2023
20231225;2023-12-25;Segunda-Feira;52;Dezembro;Dez;12;4;2023
20231226;2023-12-26;Terça-Feira;52;Dezembro;Dez;12;4;2023
20231227;2023-12-27;Quarta-Feira;52;Dezembro;Dez;12;4;2023
20231228;2023-12-28;Quinta-Feira;52;Dezembro;Dez;12;4;2023
20231229;2023-12-29;Sexta-Feira;52;Dezembro;Dez;12;4;2023
20231230;2023-12-30;Sábado;52;Dezembro;Dez;12;4;2023
20231231;2023-12-31;Domingo;53;Dezembro;Dez;12;4;2023
20240101;2024-01-01;Segunda-Feira;1;Janeiro;Jan;1;1;2024
20240102;2024-01-02;Terça-Feira;1;Janeiro;Jan;1;1;2024
20240103;2024-01-03;Quarta-Feira;1;Janeiro;Jan;1;1;2024
20240104;2024-01-04;Quinta-Feira;1;Janeiro;Jan;1;1;2024
20240105;2024-01-05;Sexta-Feira;1;Janeiro;Jan;1;1;2024
20240106;2024-01-06;Sábado;1;Janeiro;Jan;1;1;2024
20240107;2024-01-07;Domingo;2;Janeiro;Jan;1;1;2024
20240108;2024-01-08;Segunda-Feira;2;Janeiro;Jan;1;1;2024
20240109;2024-01-09;Terça-Feira;2;Janeiro;Jan;1;1;2024
20240110;2024-01-10;Quarta-Feira;2;Janeiro;Jan;1;1;2024
20240111;2024-01-11;Quinta-Feira;2;Janeiro;Jan;1;1;2024
20240112;2024-01-12;Sexta-Feira;2;Janeiro;Jan;1;1;2024
20240113;2024-01-13;Sábado;2;Janeiro;Jan;1;1;2024
20240114;2024-01-14;Domingo;3;Janeiro;Jan;1;1;2024
20240115;2024-01-15;Segunda-Feira;3;Janeiro;Jan;1;1;2024
20240116;2024-01-16;Terça-Feira;3;Janeiro;Jan;1;1;2024
20240117;2024-01-17;Quarta-Feira;3;Janeiro;Jan;1;1;2024
20240118;2024-01-18;Quinta-Feira;3;Janeiro;Jan;1;1;2024
20240119;2024-01-19;Sexta-Feira;3;Janeiro;Jan;1;1;2024
20240120;2024-01-20;Sábado;3;Janeiro;Jan;1;1;2024
20240121;2024-01-21;Domingo;4;Janeiro;Jan;1;1;2024
20240122;2024-01-22;Segunda-Feira;4;Janeiro;Jan;1;1;2024
20240123;2024-01-23;Terça-Feira;4;Janeiro;Jan;1;1;2024
20240124;2024-01-24;Quarta-Feira;4;Janeiro;Jan;1;1;2024
20240125;2024-01-25;Quinta-Feira;4;Janeiro;Jan;1;1;2024
20240126;2024-01-26;Sexta-Feira;4;Janeiro;Jan;1;1;2024
20240127;2024-01-27;Sábado;4;Janeiro;Jan;1;1;2024
20240128;2024-01-28;Domingo;5;Janeiro;Jan;1;1;2024
20240129;2024-01-29;Segunda-Feira;5;Janeiro;Jan;1;1;2024
20240130;2024-01-30;Terça-Feira;5;Janeiro;Jan;1;1;2024
20240131;2024-01-31;Quarta-Feira;5;Janeiro;Jan;1;1;2024
20240201;2024-02-01;Quinta-Feira;5;Fevereiro;Fev;2;1;2024
20240202;2024-02-02;Sexta-Feira;5;Fevereiro;Fev;2;1;2024
20240203;2024-02-03;Sábado;5;Fevereiro;Fev;2;1;2024
20240204;2024-02-04;Domingo;6;Fevereiro;Fev;2;1;2024
20240205;2024-02-05;Segunda-Feira;6;Fevereiro;Fev;2;1;2024
20240206;2024-02-06;Terça-Feira;6;Fevereiro;Fev;2;1;2024
20240207;2024-02-07;Quarta-Feira;6;Fevereiro;Fev;2;1;2024
20240208;2024-02-08;Quinta-Feira;6;Fevereiro;Fev;2;1;2024
20240209;2024-02-09;Sexta-Feira;6;Fevereiro;Fev;2;1;2024
20240210;2024-02-10;Sábado;6;Fevereiro;Fev;2;1;2024
20240211;2024-02-11;Domingo;7;Fevereiro;Fev;2;1;2024
20240212;2024-02-12;Segunda-Feira;7;Fevereiro;Fev;2;1;2024
20240213;2024-02-13;Terça-Feira;7;Fevereiro;Fev;2;1;2024
20240214;2024-02-14;Quarta-Feira;7;Fevereiro;Fev;2;1;2024
20240215;2024-02-15;Quinta-Feira;7;Fevereiro;Fev;2;1;2024
20240216;2024-02-16;Sexta-Feira;7;Fevereiro;Fev;2;1;2024
20240217;2024-02-17;Sábado;7;Fevereiro;Fev;2;1;2024
20240218;2024-02-18;Domingo;8;Fevereiro;Fev;2;1;2024
20240219;2024-02-19;Segunda-Feira;8;Fevereiro;Fev;2;1;2024
20240220;2024-02-20;Terça-Feira;8;Fevereiro;Fev;2;1;2024
20240221;2024-02-21;Quarta-Feira;8;Fevereiro;Fev;2;1;2024
20240222;2024-02-22;Quinta-Feira;8;Fevereiro;Fev;2;1;2024
20240223;2024-02-23;Sexta-Feira;8;Fevereiro;Fev;2;1;2024
20240224;2024-02-24;Sábado;8;Fevereiro;Fev;2;1;2024
20240225;2024-02-25;Domingo;9;Fevereiro;Fev;2;1;2024
20240226;2024-02-26;Segunda-Feira;9;Fevereiro;Fev;2;1;2024
20240227;2024-02-27;Terça-Feira;9;Fevereiro;Fev;2;1;2024
20240228;2024-02-28;Quarta-Feira;9;Fevereiro;Fev;2;1;2024
20240229;2024-02-29;Quinta-Feira;9;Fevereiro;Fev;2;1;2024
20240301;2024-03-01;Sexta-Feira;9;Março;Mar;3;1;2024
20240302;2024-03-02;Sábado;9;Março;Mar;3;1;2024
20240303;2024-03-03;Domingo;10;Março;Mar;3;1;2024
20240304;2024-03-04;Segunda-Feira;10;Março;Mar;3;1;2024
20240305;2024-03-05;Terça-Feira;10;Março;Mar;3;1;2024
20240306;2024-03-06;Quarta-Feira;10;Março;Mar;3;1;2024
20240307;2024-03-07;Quinta-Feira;10;Março;Mar;3;1;2024
20240308;2024-03-08;Sexta-Feira;10;Março;Mar;3;1;2024
20240309;2024-03-09;Sábado;10;Março;Mar;3;1;2024
20240310;2024-03-10;Domingo;11;Março;Mar;3;1;2024
20240311;2024-03-11;Segunda-Feira;11;Março;Mar;3;1;2024
20240312;2024-03-12;Terça-Feira;11;Março;Mar;3;1;2024
20240313;2024-03-13;Quarta-Feira;11;Março;Mar;3;1;2024
20240314;2024-03-14;Quinta-Feira;11;Março;Mar;3;1;2024
20240315;2024-03-15;Sexta-Feira;11;Março;Mar;3;1;2024
20240316;2024-03-16;Sábado;11;Março;Mar;3;1;2024
20240317;2024-03-17;Domingo;12;Março;Mar;3;1;2024
20240318;2024-03-18;Segunda-Feira;12;Março;Mar;3;1;2024
20240319;2024-03-19;Terça-Feira;12;Março;Mar;3;1;2024
20240320;2024-03-20;Quarta-Feira;12;Março;Mar;3;1;2024
20240321;2024-03-21;Quinta-Feira;12;Março;Mar;3;1;2024
20240322;2024-03-22;Sexta-Feira;12;Março;Mar;3;1;2024
20240323;2024-03-23;Sábado;12;Março;Mar;3;1;2024
20240324;2024-03-24;Domingo;13;Março;Mar;3;1;2024
20240325;2024-03-25;Segunda-Feira;13;Março;Mar;3;1;2024
20240326;2024-03-26;Terça-Feira;13;Março;Mar;3;1;2024
20240327;2024-03-27;Quarta-Feira;13;Março;Mar;3;1;2024
20240328;2024-03-28;Quinta-Feira;13;Março;Mar;3;1;2024
20240329;2024-03-29;Sexta-Feira;13;Março;Mar;3;1;2024
20240330;2024-03-30;Sábado;13;Março;Mar;3;1;2024
20240331;2024-03-31;Domingo;14;Março;Mar;3;1;2024
20240401;2024-04-01;Segunda-Feira;14;Abril;Abr;4;2;2024
20240402;2024-04-02;Terça-Feira;14;Abril;Abr;4;2;2024
20240403;2024-04-03;Quarta-Feira;14;Abril;Abr;4;2;2024
20240404;2024-04-04;Quinta-Feira;14;Abril;Abr;4;2;2024
20240405;2024-04-05;Sexta-Feira;14;Abril;Abr;4;2;2024
20240406;2024-04-06;Sábado;14;Abril;Abr;4;2;2024
20240407;2024-04-07;Domingo;15;Abril;Abr;4;2;2024
20240408;2024-04-08;Segunda-Feira;15;Abril;Abr;4;2;2024
20240409;2024-04-09;Terça-Feira;15;Abril;Abr;4;2;2024
20240410;2024-04-10;Quarta-Feira;15;Abril;Abr;4;2;2024
20240411;2024-04-11;Quinta-Feira;15;Abril;Abr;4;2;2024
20240412;2024-04-12;Sexta-Feira;15;Abril;Abr;4;2;2024
20240413;2024-04-13;Sábado;15;Abril;Abr;4;2;2024
20240414;2024-04-14;Domingo;16;Abril;Abr;4;2;2024
20240415;2024-04-15;Segunda-Feira;16;Abril;Abr;4;2;2024
20240416;2024-04-16;Terça-Feira;16;Abril;Abr;4;2;2024
20240417;2024-04-17;Quarta-Feira;16;Abril;Abr;4;2;2024
20240418;2024-04-18;Quinta-Feira;16;Abril;Abr;4;2;2024
20240419;2024-04-19;Sexta-Feira;16;Abril;Abr;4;2;2024
20240420;2024-04-20;Sábado;16;Abril;Abr;4;2;2024
20240421;2024-04-21;Domingo;17;Abril;Abr;4;2;2024
20240422;2024-04-22;Segunda-Feira;17;Abril;Abr;4;2;2024
20240423;2024-04-23;Terça-Feira;17;Abril;Abr;4;2;2024
20240424;2024-04-24;Quarta-Feira;17;Abril;Abr;4;2;2024
20240425;2024-04-25;Quinta-Feira;17;Abril;Abr;4;2;2024
20240426;2024-04-26;Sexta-Feira;17;Abril;Abr;4;2;2024
20240427;2024-04-27;Sábado;17;Abril;Abr;4;2;2024
20240428;2024-04-28;Domingo;18;Abril;Abr;4;2;2024
20240429;2024-04-29;Segunda-Feira;18;Abril;Abr;4;2;2024
20240430;2024-04-30;Terça-Feira;18;Abril;Abr;4;2;2024
20240501;2024-05-01;Quarta-Feira;18;Maio;Mai;5;2;2024
20240502;2024-05-02;Quinta-Feira;18;Maio;Mai;5;2;2024
20240503;2024-05-03;Sexta-Feira;18;Maio;Mai;5;2;2024
20240504;2024-05-04;Sábado;18;Maio;Mai;5;2;2024
20240505;2024-05-05;Domingo;19;Maio;Mai;5;2;2024
20240506;2024-05-06;Segunda-Feira;19;Maio;Mai;5;2;2024
20240507;2024-05-07;Terça-Feira;19;Maio;Mai;5;2;2024
20240508;2024-05-08;Quarta-Feira;19;Maio;Mai;5;2;2024
20240509;2024-05-09;Quinta-Feira;19;Maio;Mai;5;2;2024
20240510;2024-05-10;Sexta-Feira;19;Maio;Mai;5;2;2024
20240511;2024-05-11;Sábado;19;Maio;Mai;5;2;2024
20240512;2024-05-12;Domingo;20;Maio;Mai;5;2;2024
20240513;2024-05-13;Segunda-Feira;20;Maio;Mai;5;2;2024
20240514;2024-05-14;Terça-Feira;20;Maio;Mai;5;2;2024
20240515;2024-05-15;Quarta-Feira;20;Maio;Mai;5;2;2024
20240516;2024-05-16;Quinta-Feira;20;Maio;Mai;5;2;2024
20240517;2024-05-17;Sexta-Feira;20;Maio;Mai;5;2;2024
20240518;2024-05-18;Sábado;20;Maio;Mai;5;2;2024
20240519;2024-05-19;Domingo;21;Maio;Mai;5;2;2024
20240520;2024-05-20;Segunda-Feira;21;Maio;Mai;5;2;2024
20240521;2024-05-21;Terça-Feira;21;Maio;Mai;5;2;2024
20240522;2024-05-22;Quarta-Feira;21;Maio;Mai;5;2;2024
20240523;2024-05-23;Quinta-Feira;21;Maio;Mai;5;2;2024
20240524;2024-05-24;Sexta-Feira;21;Maio;Mai;5;2;2024
20240525;2024-05-25;Sábado;21;Maio;Mai;5;2;2024
20240526;2024-05-26;Domingo;22;Maio;Mai;5;2;2024
20240527;2024-05-27;Segunda-Feira;22;Maio;Mai;5;2;2024
20240528;2024-05-28;Terça-Feira;22;Maio;Mai;5;2;2024
20240529;2024-05-29;Quarta-Feira;22;Maio;Mai;5;2;2024
20240530;2024-05-30;Quinta-Feira;22;Maio;Mai;5;2;2024
20240531;2024-05-31;Sexta-Feira;22;Maio;Mai;5;2;2024
20240601;2024-06-01;Sábado;22;Junho;Jun;6;2;2024
20240602;2024-06-02;Domingo;23;Junho;Jun;6;2;2024
20240603;2024-06-03;Segunda-Feira;23;Junho;Jun;6;2;2024
20240604;2024-06-04;Terça-Feira;23;Junho;Jun;6;2;2024
20240605;2024-06-05;Quarta-Feira;23;Junho;Jun;6;2;2024
20240606;2024-06-06;Quinta-Feira;23;Junho;Jun;6;2;2024
20240607;2024-06-07;Sexta-Feira;23;Junho;Jun;6;2;2024
20240608;2024-06-08;Sábado;23;Junho;Jun;6;2;2024
20240609;2024-06-09;Domingo;24;Junho;Jun;6;2;2024
20240610;2024-06-10;Segunda-Feira;24;Junho;Jun;6;2;2024
20240611;2024-06-11;Terça-Feira;24;Junho;Jun;6;2;2024
20240612;2024-06-12;Quarta-Feira;24;Junho;Jun;6;2;2024
20240613;2024-06-13;Quinta-Feira;24;Junho;Jun;6;2;2024
20240614;2024-06-14;Sexta-Feira;24;Junho;Jun;6;2;2024
20240615;2024-06-15;Sábado;24;Junho;Jun;6;2;2024
20240616;2024-06-16;Domingo;25;Junho;Jun;6;2;2024
20240617;2024-06-17;Segunda-Feira;25;Junho;Jun;6;2;2024
20240618;2024-06-18;Terça-Feira;25;Junho;Jun;6;2;2024
20240619;2024-06-19;Quarta-Feira;25;Junho;Jun;6;2;2024
20240620;2024-06-20;Quinta-Feira;25;Junho;Jun;6;2;2024
20240621;2024-06-21;Sexta-Feira;25;Junho;Jun;6;2;2024
20240622;2024-06-22;Sábado;25;Junho;Jun;6;2;2024
20240623;2024-06-23;Domingo;26;Junho;Jun;6;2;2024
20240624;2024-06-24;Segunda-Feira;26;Junho;Jun;6;2;2024
20240625;2024-06-25;Terça-Feira;26;Junho;Jun;6;2;2024
20240626;2024-06-26;Quarta-Feira;26;Junho;Jun;6;2;2024
20240627;2024-06-27;Quinta-Feira;26;Junho;Jun;6;2;2024
20240628;2024-06-28;Sexta-Feira;26;Junho;Jun;6;2;2024
20240629;2024-06-29;Sábado;26;Junho;Jun;6;2;2024
20240630;2024-06-30;Domingo;27;Junho;Jun;6;2;2024
20240701;2024-07-01;Segunda-Feira;27;Julho;Jul;7;3;2024
20240702;2024-07-02;Terça-Feira;27;Julho;Jul;7;3;2024
20240703;2024-07-03;Quarta-Feira;27;Julho;Jul;7;3;2024
20240704;2024-07-04;Quinta-Feira;27;Julho;Jul;7;3;2024
20240705;2024-07-05;Sexta-Feira;27;Julho;Jul;7;3;2024
20240706;2024-07-06;Sábado;27;Julho;Jul;7;3;2024
20240707;2024-07-07;Domingo;28;Julho;Jul;7;3;2024
20240708;2024-07-08;Segunda-Feira;28;Julho;Jul;7;3;2024
20240709;2024-07-09;Terça-Feira;28;Julho;Jul;7;3;2024
20240710;2024-07-10;Quarta-Feira;28;Julho;Jul;7;3;2024
20240711;2024-07-11;Quinta-Feira;28;Julho;Jul;7;3;2024
20240712;2024-07-12;Sexta-Feira;28;Julho;Jul;7;3;2024
20240713;2024-07-13;Sábado;28;Julho;Jul;7;3;2024
20240714;2024-07-14;Domingo;29;Julho;Jul;7;3;2024
20240715;2024-07-15;Segunda-Feira;29;Julho;Jul;7;3;2024
20240716;2024-07-16;Terça-Feira;29;Julho;Jul;7;3;2024
20240717;2024-07-17;Quarta-Feira;29;Julho;Jul;7;3;2024
20240718;2024-07-18;Quinta-Feira;29;Julho;Jul;7;3;2024
20240719;2024-07-19;Sexta-Feira;29;Julho;Jul;7;3;2024
20240720;2024-07-20;Sábado;29;Julho;Jul;7;3;2024
20240721;2024-07-21;Domingo;30;Julho;Jul;7;3;2024
20240722;2024-07-22;Segunda-Feira;30;Julho;Jul;7;3;2024
20240723;2024-07-23;Terça-Feira;30;Julho;Jul;7;3;2024
20240724;2024-07-24;Quarta-Feira;30;Julho;Jul;7;3;2024
20240725;2024-07-25;Quinta-Feira;30;Julho;Jul;7;3;2024
20240726;2024-07-26;Sexta-Feira;30;Julho;Jul;7;3;2024
20240727;2024-07-27;Sábado;30;Julho;Jul;7;3;2024
20240728;2024-07-28;Domingo;31;Julho;Jul;7;3;2024
20240729;2024-07-29;Segunda-Feira;31;Julho;Jul;7;3;2024
20240730;2024-07-30;Terça-Feira;31;Julho;Jul;7;3;2024
20240731;2024-07-31;Quarta-Feira;31;Julho;Jul;7;3;2024
20240801;2024-08-01;Quinta-Feira;31;Agosto;Ago;8;3;2024
20240802;2024-08-02;Sexta-Feira;31;Agosto;Ago;8;3;2024
20240803;2024-08-03;Sábado;31;Agosto;Ago;8;3;2024
20240804;2024-08-04;Domingo;32;Agosto;Ago;8;3;2024
20240805;2024-08-05;Segunda-Feira;32;Agosto;Ago;8;3;2024
20240806;2024-08-06;Terça-Feira;32;Agosto;Ago;8;3;2024
20240807;2024-08-07;Quarta-Feira;32;Agosto;Ago;8;3;2024
20240808;2024-08-08;Quinta-Feira;32;Agosto;Ago;8;3;2024
20240809;2024-08-09;Sexta-Feira;32;Agosto;Ago;8;3;2024
20240810;2024-08-10;Sábado;32;Agosto;Ago;8;3;2024
20240811;2024-08-11;Domingo;33;Agosto;Ago;8;3;2024
20240812;2024-08-12;Segunda-Feira;33;Agosto;Ago;8;3;2024
20240813;2024-08-13;Terça-Feira;33;Agosto;Ago;8;3;2024
20240814;2024-08-14;Quarta-Feira;33;Agosto;Ago;8;3;2024
20240815;2024-08-15;Quinta-Feira;33;Agosto;Ago;8;3;2024
20240816;2024-08-16;Sexta-Feira;33;Agosto;Ago;8;3;2024
20240817;2024-08-17;Sábado;33;Agosto;Ago;8;3;2024
20240818;2024-08-18;Domingo;34;Agosto;Ago;8;3;2024
20240819;2024-08-19;Segunda-Feira;34;Agosto;Ago;8;3;2024
20240820;2024-08-20;Terça-Feira;34;Agosto;Ago;8;3;2024
20240821;2024-08-21;Quarta-Feira;34;Agosto;Ago;8;3;2024
20240822;2024-08-22;Quinta-Feira;34;Agosto;Ago;8;3;2024
20240823;2024-08-23;Sexta-Feira;34;Agosto;Ago;8;3;2024
20240824;2024-08-24;Sábado;34;Agosto;Ago;8;3;2024
20240825;2024-08-25;Domingo;35;Agosto;Ago;8;3;2024
20240826;2024-08-26;Segunda-Feira;35;Agosto;Ago;8;3;2024
20240827;2024-08-27;Terça-Feira;35;Agosto;Ago;8;3;2024
20240828;2024-08-28;Quarta-Feira;35;Agosto;Ago;8;3;2024
20240829;2024-08-29;Quinta-Feira;35;Agosto;Ago;8;3;2024
20240830;2024-08-30;Sexta-Feira;35;Agosto;Ago;8;3;2024
20240831;2024-08-31;Sábado;35;Agosto;Ago;8;3;2024
20240901;2024-09-01;Domingo;36;Setembro;Set;9;3;2024
20240902;2024-09-02;Segunda-Feira;36;Setembro;Set;9;3;2024
20240903;2024-09-03;Terça-Feira;36;Setembro;Set;9;3;2024
20240904;2024-09-04;Quarta-Feira;36;Setembro;Set;9;3;2024
20240905;2024-09-05;Quinta-Feira;36;Setembro;Set;9;3;2024
20240906;2024-09-06;Sexta-Feira;36;Setembro;Set;9;3;2024
20240907;2024-09-07;Sábado;36;Setembro;Set;9;3;2024
20240908;2024-09-08;Domingo;37;Setembro;Set;9;3;2024
20240909;2024-09-09;Segunda-Feira;37;Setembro;Set;9;3;2024
20240910;2024-09-10;Terça-Feira;37;Setembro;Set;9;3;2024
20240911;2024-09-11;Quarta-Feira;37;Setembro;Set;9;3;2024
20240912;2024-09-12;Quinta-Feira;37;Setembro;Set;9;3;2024
20240913;2024-09-13;Sexta-Feira;37;Setembro;Set;9;3;2024
20240914;2024-09-14;Sábado;37;Setembro;Set;9;3;2024
20240915;2024-09-15;Domingo;38;Setembro;Set;9;3;2024
20240916;2024-09-16;Segunda-Feira;38;Setembro;Set;9;3;2024
20240917;2024-09-17;Terça-Feira;38;Setembro;Set;9;3;2024
20240918;2024-09-18;Quarta-Feira;38;Setembro;Set;9;3;2024
20240919;2024-09-19;Quinta-Feira;38;Setembro;Set;9;3;2024
20240920;2024-09-20;Sexta-Feira;38;Setembro;Set;9;3;2024
20240921;2024-09-21;Sábado;38;Setembro;Set;9;3;2024
20240922;2024-09-22;Domingo;39;Setembro;Set;9;3;2024
20240923;2024-09-23;Segunda-Feira;39;Setembro;Set;9;3;2024
20240924;2024-09-24;Terça-Feira;39;Setembro;Set;9;3;2024
20240925;2024-09-25;Quarta-Feira;39;Setembro;Set;9;3;2024
20240926;2024-09-26;Quinta-Feira;39;Setembro;Set;9;3;2024
20240927;2024-09-27;Sexta-Feira;39;Setembro;Set;9;3;2024
20240928;2024-09-28;Sábado;39;Setembro;Set;9;3;2024
20240929;2024-09-29;Domingo;40;Setembro;Set;9;3;2024
20240930;2024-09-30;Segunda-Feira;40;Setembro;Set;9;3;2024
20241001;2024-10-01;Terça-Feira;40;Outubro;Out;10;4;2024
20241002;2024-10-02;Quarta-Feira;40;Outubro;Out;10;4;2024
20241003;2024-10-03;Quinta-Feira;40;Outubro;Out;10;4;2024
20241004;2024-10-04;Sexta-Feira;40;Outubro;Out;10;4;2024
20241005;2024-10-05;Sábado;40;Outubro;Out;10;4;2024
20241006;2024-10-06;Domingo;41;Outubro;Out;10;4;2024
20241007;2024-10-07;Segunda-Feira;41;Outubro;Out;10;4;2024
20241008;2024-10-08;Terça-Feira;41;Outubro;Out;10;4;2024
20241009;2024-10-09;Quarta-Feira;41;Outubro;Out;10;4;2024
20241010;2024-10-10;Quinta-Feira;41;Outubro;Out;10;4;2024
20241011;2024-10-11;Sexta-Feira;41;Outubro;Out;10;4;2024
20241012;2024-10-12;Sábado;41;Outubro;Out;10;4;2024
20241013;2024-10-13;Domingo;42;Outubro;Out;10;4;2024
20241014;2024-10-14;Segunda-Feira;42;Outubro;Out;10;4;2024
20241015;2024-10-15;Terça-Feira;42;Outubro;Out;10;4;2024
20241016;2024-10-16;Quarta-Feira;42;Outubro;Out;10;4;2024
20241017;2024-10-17;Quinta-Feira;42;Outubro;Out;10;4;2024
20241018;2024-10-18;Sexta-Feira;42;Outubro;Out;10;4;2024
20241019;2024-10-19;Sábado;42;Outubro;Out;10;4;2024
20241020;2024-10-20;Domingo;43;Outubro;Out;10;4;2024
20241021;2024-10-21;Segunda-Feira;43;Outubro;Out;10;4;2024
20241022;2024-10-22;Terça-Feira;43;Outubro;Out;10;4;2024
20241023;2024-10-23;Quarta-Feira;43;Outubro;Out;10;4;2024
20241024;2024-10-24;Quinta-Feira;43;Outubro;Out;10;4;2024
20241025;2024-10-25;Sexta-Feira;43;Outubro;Out;10;4;2024
20241026;2024-10-26;Sábado;43;Outubro;Out;10;4;2024
20241027;2024-10-27;Domingo;44;Outubro;Out;10;4;2024
20241028;2024-10-28;Segunda-Feira;44;Outubro;Out;10;4;2024
20241029;2024-10-29;Terça-Feira;44;Outubro;Out;10;4;2024
20241030;2024-10-30;Quarta-Feira;44;Outubro;Out;10;4;2024
20241031;2024-10-31;Quinta-Feira;44;Outubro;Out;10;4;2024
20241101;2024-11-01;Sexta-Feira;44;Novembro;Nov;11;4;2024
20241102;2024-11-02;Sábado;44;Novembro;Nov;11;4;2024
20241103;2024-11-03;Domingo;45;Novembro;Nov;11;4;2024
20241104;2024-11-04;Segunda-Feira;45;Novembro;Nov;11;4;2024
20241105;2024-11-05;Terça-Feira;45;Novembro;Nov;11;4;2024
20241106;2024-11-06;Quarta-Feira;45;Novembro;Nov;11;4;2024
20241107;2024-11-07;Quinta-Feira;45;Novembro;Nov;11;4;2024
20241108;2024-11-08;Sexta-Feira;45;Novembro;Nov;11;4;2024
20241109;2024-11-09;Sábado;45;Novembro;Nov;11;4;2024
20241110;2024-11-10;Domingo;46;Novembro;Nov;11;4;2024
20241111;2024-11-11;Segunda-Feira;46;Novembro;Nov;11;4;2024
20241112;2024-11-12;Terça-Feira;46;Novembro;Nov;11;4;2024
20241113;2024-11-13;Quarta-Feira;46;Novembro;Nov;11;4;2024
20241114;2024-11-14;Quinta-Feira;46;Novembro;Nov;11;4;2024
20241115;2024-11-15;Sexta-Feira;46;Novembro;Nov;11;4;2024
20241116;2024-11-16;Sábado;46;Novembro;Nov;11;4;2024
20241117;2024-11-17;Domingo;47;Novembro;Nov;11;4;2024
20241118;2024-11-18;Segunda-Feira;47;Novembro;Nov;11;4;2024
20241119;2024-11-19;Terça-Feira;47;Novembro;Nov;11;4;2024
20241120;2024-11-20;Quarta-Feira;47;Novembro;Nov;11;4;2024
20241121;2024-11-21;Quinta-Feira;47;Novembro;Nov;11;4;2024
20241122;2024-11-22;Sexta-Feira;47;Novembro;Nov;11;4;2024
20241123;2024-11-23;Sábado;47;Novembro;Nov;11;4;2024
20241124;2024-11-24;Domingo;48;Novembro;Nov;11;4;2024
20241125;2024-11-25;Segunda-Feira;48;Novembro;Nov;11;4;2024
20241126;2024-11-26;Terça-Feira;48;Novembro;Nov;11;4;2024
20241127;2024-11-27;Quarta-Feira;48;Novembro;Nov;11;4;2024
20241128;2024-11-28;Quinta-Feira;48;Novembro;Nov;11;4;2024
20241129;2024-11-29;Sexta-Feira;48;Novembro;Nov;11;4;2024
20241130;2024-11-30;Sábado;48;Novembro;Nov;11;4;2024
20241201;2024-12-01;Domingo;49;Dezembro;Dez;12;4;2024
20241202;2024-12-02;Segunda-Feira;49;Dezembro;Dez;12;4;2024
20241203;2024-12-03;Terça-Feira;49;Dezembro;Dez;12;4;2024
20241204;2024-12-04;Quarta-Feira;49;Dezembro;Dez;12;4;2024
20241205;2024-12-05;Quinta-Feira;49;Dezembro;Dez;12;4;2024
20241206;2024-12-06;Sexta-Feira;49;Dezembro;Dez;12;4;2024
20241207;2024-12-07;Sábado;49;Dezembro;Dez;12;4;2024
20241208;2024-12-08;Domingo;50;Dezembro;Dez;12;4;2024
20241209;2024-12-09;Segunda-Feira;50;Dezembro;Dez;12;4;2024
20241210;2024-12-10;Terça-Feira;50;Dezembro;Dez;12;4;2024
20241211;2024-12-11;Quarta-Feira;50;Dezembro;Dez;12;4;2024
20241212;2024-12-12;Quinta-Feira;50;Dezembro;Dez;12;4;2024
20241213;2024-12-13;Sexta-Feira;50;Dezembro;Dez;12;4;2024
20241214;2024-12-14;Sábado;50;Dezembro;Dez;12;4;2024
20241215;2024-12-15;Domingo;51;Dezembro;Dez;12;4;2024
20241216;2024-12-16;Segunda-Feira;51;Dezembro;Dez;12;4;2024
20241217;2024-12-17;Terça-Feira;51;Dezembro;Dez;12;4;2024
20241218;2024-12-18;Quarta-Feira;51;Dezembro;Dez;12;4;2024
20241219;2024-12-19;Quinta-Feira;51;Dezembro;Dez;12;4;2024
20241220;2024-12-20;Sexta-Feira;51;Dezembro;Dez;12;4;2024
20241221;2024-12-21;Sábado;51;Dezembro;Dez;12;4;2024
20241222;2024-12-22;Domingo;52;Dezembro;Dez;12;4;2024
20241223;2024-12-23;Segunda-Feira;52;Dezembro;Dez;12;4;2024
20241224;2024-12-24;Terça-Feira;52;Dezembro;Dez;12;4;2024
20241225;2024-12-25;Quarta-Feira;52;Dezembro;Dez;12;4;2024
20241226;2024-12-26;Quinta-Feira;52;Dezembro;Dez;12;4;2024
20241227;2024-12-27;Sexta-Feira;52;Dezembro;Dez;12;4;2024
20241228;2024-12-28;Sábado;52;Dezembro;Dez;12;4;2024
20241229;2024-12-29;Domingo;53;Dezembro;Dez;12;4;2024
20241230;2024-12-30;Segunda-Feira;53;Dezembro;Dez;12;4;2024
20241231;2024-12-31;Terça-Feira;53;Dezembro;Dez;12;4;2024
20250101;2025-01-01;Quarta-Feira;1;Janeiro;Jan;1;1;2025
20250102;2025-01-02;Quinta-Feira;1;Janeiro;Jan;1;1;2025
20250103;2025-01-03;Sexta-Feira;1;Janeiro;Jan;1;1;2025
20250104;2025-01-04;Sábado;1;Janeiro;Jan;1;1;2025
20250105;2025-01-05;Domingo;2;Janeiro;Jan;1;1;2025
20250106;2025-01-06;Segunda-Feira;2;Janeiro;Jan;1;1;2025
20250107;2025-01-07;Terça-Feira;2;Janeiro;Jan;1;1;2025
20250108;2025-01-08;Quarta-Feira;2;Janeiro;Jan;1;1;2025
20250109;2025-01-09;Quinta-Feira;2;Janeiro;Jan;1;1;2025
20250110;2025-01-10;Sexta-Feira;2;Janeiro;Jan;1;1;2025
20250111;2025-01-11;Sábado;2;Janeiro;Jan;1;1;2025
20250112;2025-01-12;Domingo;3;Janeiro;Jan;1;1;2025
20250113;2025-01-13;Segunda-Feira;3;Janeiro;Jan;1;1;2025
20250114;2025-01-14;Terça-Feira;3;Janeiro;Jan;1;1;2025
20250115;2025-01-15;Quarta-Feira;3;Janeiro;Jan;1;1;2025
20250116;2025-01-16;Quinta-Feira;3;Janeiro;Jan;1;1;2025
20250117;2025-01-17;Sexta-Feira;3;Janeiro;Jan;1;1;2025
20250118;2025-01-18;Sábado;3;Janeiro;Jan;1;1;2025
20250119;2025-01-19;Domingo;4;Janeiro;Jan;1;1;2025
20250120;2025-01-20;Segunda-Feira;4;Janeiro;Jan;1;1;2025
20250121;2025-01-21;Terça-Feira;4;Janeiro;Jan;1;1;2025
20250122;2025-01-22;Quarta-Feira;4;Janeiro;Jan;1;1;2025
20250123;2025-01-23;Quinta-Feira;4;Janeiro;Jan;1;1;2025
20250124;2025-01-24;Sexta-Feira;4;Janeiro;Jan;1;1;2025
20250125;2025-01-25;Sábado;4;Janeiro;Jan;1;1;2025
20250126;2025-01-26;Domingo;5;Janeiro;Jan;1;1;2025
20250127;2025-01-27;Segunda-Feira;5;Janeiro;Jan;1;1;2025
20250128;2025-01-28;Terça-Feira;5;Janeiro;Jan;1;1;2025
20250129;2025-01-29;Quarta-Feira;5;Janeiro;Jan;1;1;2025
20250130;2025-01-30;Quinta-Feira;5;Janeiro;Jan;1;1;2025
20250131;2025-01-31;Sexta-Feira;5;Janeiro;Jan;1;1;2025
20250201;2025-02-01;Sábado;5;Fevereiro;Fev;2;1;2025
20250202;2025-02-02;Domingo;6;Fevereiro;Fev;2;1;2025
20250203;2025-02-03;Segunda-Feira;6;Fevereiro;Fev;2;1;2025
20250204;2025-02-04;Terça-Feira;6;Fevereiro;Fev;2;1;2025
20250205;2025-02-05;Quarta-Feira;6;Fevereiro;Fev;2;1;2025
20250206;2025-02-06;Quinta-Feira;6;Fevereiro;Fev;2;1;2025
20250207;2025-02-07;Sexta-Feira;6;Fevereiro;Fev;2;1;2025
20250208;2025-02-08;Sábado;6;Fevereiro;Fev;2;1;2025
20250209;2025-02-09;Domingo;7;Fevereiro;Fev;2;1;2025
20250210;2025-02-10;Segunda-Feira;7;Fevereiro;Fev;2;1;2025
20250211;2025-02-11;Terça-Feira;7;Fevereiro;Fev;2;1;2025
20250212;2025-02-12;Quarta-Feira;7;Fevereiro;Fev;2;1;2025
20250213;2025-02-13;Quinta-Feira;7;Fevereiro;Fev;2;1;2025
20250214;2025-02-14;Sexta-Feira;7;Fevereiro;Fev;2;1;2025
20250215;2025-02-15;Sábado;7;Fevereiro;Fev;2;1;2025
20250216;2025-02-16;Domingo;8;Fevereiro;Fev;2;1;2025
20250217;2025-02-17;Segunda-Feira;8;Fevereiro;Fev;2;1;2025
20250218;2025-02-18;Terça-Feira;8;Fevereiro;Fev;2;1;2025
20250219;2025-02-19;Quarta-Feira;8;Fevereiro;Fev;2;1;2025
20250220;2025-02-20;Quinta-Feira;8;Fevereiro;Fev;2;1;2025
20250221;2025-02-21;Sexta-Feira;8;Fevereiro;Fev;2;1;2025
20250222;2025-02-22;Sábado;8;Fevereiro;Fev;2;1;2025
20250223;2025-02-23;Domingo;9;Fevereiro;Fev;2;1;2025
20250224;2025-02-24;Segunda-Feira;9;Fevereiro;Fev;2;1;2025
20250225;2025-02-25;Terça-Feira;9;Fevereiro;Fev;2;1;2025
20250226;2025-02-26;Quarta-Feira;9;Fevereiro;Fev;2;1;2025
20250227;2025-02-27;Quinta-Feira;9;Fevereiro;Fev;2;1;2025
20250228;2025-02-28;Sexta-Feira;9;Fevereiro;Fev;2;1;2025
20250301;2025-03-01;Sábado;9;Março;Mar;3;1;2025
20250302;2025-03-02;Domingo;10;Março;Mar;3;1;2025
20250303;2025-03-03;Segunda-Feira;10;Março;Mar;3;1;2025
20250304;2025-03-04;Terça-Feira;10;Março;Mar;3;1;2025
20250305;2025-03-05;Quarta-Feira;10;Março;Mar;3;1;2025
20250306;2025-03-06;Quinta-Feira;10;Março;Mar;3;1;2025
20250307;2025-03-07;Sexta-Feira;10;Março;Mar;3;1;2025
20250308;2025-03-08;Sábado;10;Março;Mar;3;1;2025
20250309;2025-03-09;Domingo;11;Março;Mar;3;1;2025
20250310;2025-03-10;Segunda-Feira;11;Março;Mar;3;1;2025
20250311;2025-03-11;Terça-Feira;11;Março;Mar;3;1;2025
20250312;2025-03-12;Quarta-Feira;11;Março;Mar;3;1;2025
20250313;2025-03-13;Quinta-Feira;11;Março;Mar;3;1;2025
20250314;2025-03-14;Sexta-Feira;11;Março;Mar;3;1;2025
20250315;2025-03-15;Sábado;11;Março;Mar;3;1;2025
20250316;2025-03-16;Domingo;12;Março;Mar;3;1;2025
20250317;2025-03-17;Segunda-Feira;12;Março;Mar;3;1;2025
20250318;2025-03-18;Terça-Feira;12;Março;Mar;3;1;2025
20250319;2025-03-19;Quarta-Feira;12;Março;Mar;3;1;2025
20250320;2025-03-20;Quinta-Feira;12;Março;Mar;3;1;2025
20250321;2025-03-21;Sexta-Feira;12;Março;Mar;3;1;2025
20250322;2025-03-22;Sábado;12;Março;Mar;3;1;2025
20250323;2025-03-23;Domingo;13;Março;Mar;3;1;2025
20250324;2025-03-24;Segunda-Feira;13;Março;Mar;3;1;2025
20250325;2025-03-25;Terça-Feira;13;Março;Mar;3;1;2025
20250326;2025-03-26;Quarta-Feira;13;Março;Mar;3;1;2025
20250327;2025-03-27;Quinta-Feira;13;Março;Mar;3;1;2025
20250328;2025-03-28;Sexta-Feira;13;Março;Mar;3;1;2025
20250329;2025-03-29;Sábado;13;Março;Mar;3;1;2025
20250330;2025-03-30;Domingo;14;Março;Mar;3;1;2025
20250331;2025-03-31;Segunda-Feira;14;Março;Mar;3;1;2025
20250401;2025-04-01;Terça-Feira;14;Abril;Abr;4;2;2025
20250402;2025-04-02;Quarta-Feira;14;Abril;Abr;4;2;2025
20250403;2025-04-03;Quinta-Feira;14;Abril;Abr;4;2;2025
20250404;2025-04-04;Sexta-Feira;14;Abril;Abr;4;2;2025
20250405;2025-04-05;Sábado;14;Abril;Abr;4;2;2025
20250406;2025-04-06;Domingo;15;Abril;Abr;4;2;2025
20250407;2025-04-07;Segunda-Feira;15;Abril;Abr;4;2;2025
20250408;2025-04-08;Terça-Feira;15;Abril;Abr;4;2;2025
20250409;2025-04-09;Quarta-Feira;15;Abril;Abr;4;2;2025
20250410;2025-04-10;Quinta-Feira;15;Abril;Abr;4;2;2025
20250411;2025-04-11;Sexta-Feira;15;Abril;Abr;4;2;2025
20250412;2025-04-12;Sábado;15;Abril;Abr;4;2;2025
20250413;2025-04-13;Domingo;16;Abril;Abr;4;2;2025
20250414;2025-04-14;Segunda-Feira;16;Abril;Abr;4;2;2025
20250415;2025-04-15;Terça-Feira;16;Abril;Abr;4;2;2025
20250416;2025-04-16;Quarta-Feira;16;Abril;Abr;4;2;2025
20250417;2025-04-17;Quinta-Feira;16;Abril;Abr;4;2;2025
20250418;2025-04-18;Sexta-Feira;16;Abril;Abr;4;2;2025
20250419;2025-04-19;Sábado;16;Abril;Abr;4;2;2025
20250420;2025-04-20;Domingo;17;Abril;Abr;4;2;2025
20250421;2025-04-21;Segunda-Feira;17;Abril;Abr;4;2;2025
20250422;2025-04-22;Terça-Feira;17;Abril;Abr;4;2;2025
20250423;2025-04-23;Quarta-Feira;17;Abril;Abr;4;2;2025
20250424;2025-04-24;Quinta-Feira;17;Abril;Abr;4;2;2025
20250425;2025-04-25;Sexta-Feira;17;Abril;Abr;4;2;2025
20250426;2025-04-26;Sábado;17;Abril;Abr;4;2;2025
20250427;2025-04-27;Domingo;18;Abril;Abr;4;2;2025
20250428;2025-04-28;Segunda-Feira;18;Abril;Abr;4;2;2025
20250429;2025-04-29;Terça-Feira;18;Abril;Abr;4;2;2025
20250430;2025-04-30;Quarta-Feira;18;Abril;Abr;4;2;2025
20250501;2025-05-01;Quinta-Feira;18;Maio;Mai;5;2;2025
20250502;2025-05-02;Sexta-Feira;18;Maio;Mai;5;2;2025
20250503;2025-05-03;Sábado;18;Maio;Mai;5;2;2025
20250504;2025-05-04;Domingo;19;Maio;Mai;5;2;2025
20250505;2025-05-05;Segunda-Feira;19;Maio;Mai;5;2;2025
20250506;2025-05-06;Terça-Feira;19;Maio;Mai;5;2;2025
20250507;2025-05-07;Quarta-Feira;19;Maio;Mai;5;2;2025
20250508;2025-05-08;Quinta-Feira;19;Maio;Mai;5;2;2025
20250509;2025-05-09;Sexta-Feira;19;Maio;Mai;5;2;2025
20250510;2025-05-10;Sábado;19;Maio;Mai;5;2;2025
20250511;2025-05-11;Domingo;20;Maio;Mai;5;2;2025
20250512;2025-05-12;Segunda-Feira;20;Maio;Mai;5;2;2025
20250513;2025-05-13;Terça-Feira;20;Maio;Mai;5;2;2025
20250514;2025-05-14;Quarta-Feira;20;Maio;Mai;5;2;2025
20250515;2025-05-15;Quinta-Feira;20;Maio;Mai;5;2;2025
20250516;2025-05-16;Sexta-Feira;20;Maio;Mai;5;2;2025
20250517;2025-05-17;Sábado;20;Maio;Mai;5;2;2025
20250518;2025-05-18;Domingo;21;Maio;Mai;5;2;2025
20250519;2025-05-19;Segunda-Feira;21;Maio;Mai;5;2;2025
20250520;2025-05-20;Terça-Feira;21;Maio;Mai;5;2;2025
20250521;2025-05-21;Quarta-Feira;21;Maio;Mai;5;2;2025
20250522;2025-05-22;Quinta-Feira;21;Maio;Mai;5;2;2025
20250523;2025-05-23;Sexta-Feira;21;Maio;Mai;5;2;2025
20250524;2025-05-24;Sábado;21;Maio;Mai;5;2;2025
20250525;2025-05-25;Domingo;22;Maio;Mai;5;2;2025
20250526;2025-05-26;Segunda-Feira;22;Maio;Mai;5;2;2025
20250527;2025-05-27;Terça-Feira;22;Maio;Mai;5;2;2025
20250528;2025-05-28;Quarta-Feira;22;Maio;Mai;5;2;2025
20250529;2025-05-29;Quinta-Feira;22;Maio;Mai;5;2;2025
20250530;2025-05-30;Sexta-Feira;22;Maio;Mai;5;2;2025
20250531;2025-05-31;Sábado;22;Maio;Mai;5;2;2025
20250601;2025-06-01;Domingo;23;Junho;Jun;6;2;2025
20250602;2025-06-02;Segunda-Feira;23;Junho;Jun;6;2;2025
20250603;2025-06-03;Terça-Feira;23;Junho;Jun;6;2;2025
20250604;2025-06-04;Quarta-Feira;23;Junho;Jun;6;2;2025
20250605;2025-06-05;Quinta-Feira;23;Junho;Jun;6;2;2025
20250606;2025-06-06;Sexta-Feira;23;Junho;Jun;6;2;2025
20250607;2025-06-07;Sábado;23;Junho;Jun;6;2;2025
20250608;2025-06-08;Domingo;24;Junho;Jun;6;2;2025
20250609;2025-06-09;Segunda-Feira;24;Junho;Jun;6;2;2025
20250610;2025-06-10;Terça-Feira;24;Junho;Jun;6;2;2025
20250611;2025-06-11;Quarta-Feira;24;Junho;Jun;6;2;2025
20250612;2025-06-12;Quinta-Feira;24;Junho;Jun;6;2;2025
20250613;2025-06-13;Sexta-Feira;24;Junho;Jun;6;2;2025
20250614;2025-06-14;Sábado;24;Junho;Jun;6;2;2025
20250615;2025-06-15;Domingo;25;Junho;Jun;6;2;2025
20250616;2025-06-16;Segunda-Feira;25;Junho;Jun;6;2;2025
20250617;2025-06-17;Terça-Feira;25;Junho;Jun;6;2;2025
20250618;2025-06-18;Quarta-Feira;25;Junho;Jun;6;2;2025
20250619;2025-06-19;Quinta-Feira;25;Junho;Jun;6;2;2025
20250620;2025-06-20;Sexta-Feira;25;Junho;Jun;6;2;2025
20250621;2025-06-21;Sábado;25;Junho;Jun;6;2;2025
20250622;2025-06-22;Domingo;26;Junho;Jun;6;2;2025
20250623;2025-06-23;Segunda-Feira;26;Junho;Jun;6;2;2025
20250624;2025-06-24;Terça-Feira;26;Junho;Jun;6;2;2025
20250625;2025-06-25;Quarta-Feira;26;Junho;Jun;6;2;2025
20250626;2025-06-26;Quinta-Feira;26;Junho;Jun;6;2;2025
20250627;2025-06-27;Sexta-Feira;26;Junho;Jun;6;2;2025
20250628;2025-06-28;Sábado;26;Junho;Jun;6;2;2025
20250629;2025-06-29;Domingo;27;Junho;Jun;6;2;2025
20250630;2025-06-30;Segunda-Feira;27;Junho;Jun;6;2;2025
20250701;2025-07-01;Terça-Feira;27;Julho;Jul;7;3;2025
20250702;2025-07-02;Quarta-Feira;27;Julho;Jul;7;3;2025
20250703;2025-07-03;Quinta-Feira;27;Julho;Jul;7;3;2025
20250704;2025-07-04;Sexta-Feira;27;Julho;Jul;7;3;2025
20250705;2025-07-05;Sábado;27;Julho;Jul;7;3;2025
20250706;2025-07-06;Domingo;28;Julho;Jul;7;3;2025
20250707;2025-07-07;Segunda-Feira;28;Julho;Jul;7;3;2025
20250708;2025-07-08;Terça-Feira;28;Julho;Jul;7;3;2025
20250709;2025-07-09;Quarta-Feira;28;Julho;Jul;7;3;2025
20250710;2025-07-10;Quinta-Feira;28;Julho;Jul;7;3;2025
20250711;2025-07-11;Sexta-Feira;28;Julho;Jul;7;3;2025
20250712;2025-07-12;Sábado;28;Julho;Jul;7;3;2025
20250713;2025-07-13;Domingo;29;Julho;Jul;7;3;2025
20250714;2025-07-14;Segunda-Feira;29;Julho;Jul;7;3;2025
20250715;2025-07-15;Terça-Feira;29;Julho;Jul;7;3;2025
20250716;2025-07-16;Quarta-Feira;29;Julho;Jul;7;3;2025
20250717;2025-07-17;Quinta-Feira;29;Julho;Jul;7;3;2025
20250718;2025-07-18;Sexta-Feira;29;Julho;Jul;7;3;2025
20250719;2025-07-19;Sábado;29;Julho;Jul;7;3;2025
20250720;2025-07-20;Domingo;30;Julho;Jul;7;3;2025
20250721;2025-07-21;Segunda-Feira;30;Julho;Jul;7;3;2025
20250722;2025-07-22;Terça-Feira;30;Julho;Jul;7;3;2025
20250723;2025-07-23;Quarta-Feira;30;Julho;Jul;7;3;2025
20250724;2025-07-24;Quinta-Feira;30;Julho;Jul;7;3;2025
20250725;2025-07-25;Sexta-Feira;30;Julho;Jul;7;3;2025
20250726;2025-07-26;Sábado;30;Julho;Jul;7;3;2025
20250727;2025-07-27;Domingo;31;Julho;Jul;7;3;2025
20250728;2025-07-28;Segunda-Feira;31;Julho;Jul;7;3;2025
20250729;2025-07-29;Terça-Feira;31;Julho;Jul;7;3;2025
20250730;2025-07-30;Quarta-Feira;31;Julho;Jul;7;3;2025
20250731;2025-07-31;Quinta-Feira;31;Julho;Jul;7;3;2025
20250801;2025-08-01;Sexta-Feira;31;Agosto;Ago;8;3;2025
20250802;2025-08-02;Sábado;31;Agosto;Ago;8;3;2025
20250803;2025-08-03;Domingo;32;Agosto;Ago;8;3;2025
20250804;2025-08-04;Segunda-Feira;32;Agosto;Ago;8;3;2025
20250805;2025-08-05;Terça-Feira;32;Agosto;Ago;8;3;2025
20250806;2025-08-06;Quarta-Feira;32;Agosto;Ago;8;3;2025
20250807;2025-08-07;Quinta-Feira;32;Agosto;Ago;8;3;2025
20250808;2025-08-08;Sexta-Feira;32;Agosto;Ago;8;3;2025
20250809;2025-08-09;Sábado;32;Agosto;Ago;8;3;2025
20250810;2025-08-10;Domingo;33;Agosto;Ago;8;3;2025
20250811;2025-08-11;Segunda-Feira;33;Agosto;Ago;8;3;2025
20250812;2025-08-12;Terça-Feira;33;Agosto;Ago;8;3;2025
20250813;2025-08-13;Quarta-Feira;33;Agosto;Ago;8;3;2025
20250814;2025-08-14;Quinta-Feira;33;Agosto;Ago;8;3;2025
20250815;2025-08-15;Sexta-Feira;33;Agosto;Ago;8;3;2025
20250816;2025-08-16;Sábado;33;Agosto;Ago;8;3;2025
20250817;2025-08-17;Domingo;34;Agosto;Ago;8;3;2025
20250818;2025-08-18;Segunda-Feira;34;Agosto;Ago;8;3;2025
20250819;2025-08-19;Terça-Feira;34;Agosto;Ago;8;3;2025
20250820;2025-08-20;Quarta-Feira;34;Agosto;Ago;8;3;2025
20250821;2025-08-21;Quinta-Feira;34;Agosto;Ago;8;3;2025
20250822;2025-08-22;Sexta-Feira;34;Agosto;Ago;8;3;2025
20250823;2025-08-23;Sábado;34;Agosto;Ago;8;3;2025
20250824;2025-08-24;Domingo;35;Agosto;Ago;8;3;2025
20250825;2025-08-25;Segunda-Feira;35;Agosto;Ago;8;3;2025
20250826;2025-08-26;Terça-Feira;35;Agosto;Ago;8;3;2025
20250827;2025-08-27;Quarta-Feira;35;Agosto;Ago;8;3;2025
20250828;2025-08-28;Quinta-Feira;35;Agosto;Ago;8;3;2025
20250829;2025-08-29;Sexta-Feira;35;Agosto;Ago;8;3;2025
20250830;2025-08-30;Sábado;35;Agosto;Ago;8;3;2025
20250831;2025-08-31;Domingo;36;Agosto;Ago;8;3;2025
20250901;2025-09-01;Segunda-Feira;36;Setembro;Set;9;3;2025
20250902;2025-09-02;Terça-Feira;36;Setembro;Set;9;3;2025
20250903;2025-09-03;Quarta-Feira;36;Setembro;Set;9;3;2025
20250904;2025-09-04;Quinta-Feira;36;Setembro;Set;9;3;2025
20250905;2025-09-05;Sexta-Feira;36;Setembro;Set;9;3;2025
20250906;2025-09-06;Sábado;36;Setembro;Set;9;3;2025
20250907;2025-09-07;Domingo;37;Setembro;Set;9;3;2025
20250908;2025-09-08;Segunda-Feira;37;Setembro;Set;9;3;2025
20250909;2025-09-09;Terça-Feira;37;Setembro;Set;9;3;2025
20250910;2025-09-10;Quarta-Feira;37;Setembro;Set;9;3;2025
20250911;2025-09-11;Quinta-Feira;37;Setembro;Set;9;3;2025
20250912;2025-09-12;Sexta-Feira;37;Setembro;Set;9;3;2025
20250913;2025-09-13;Sábado;37;Setembro;Set;9;3;2025
20250914;2025-09-14;Domingo;38;Setembro;Set;9;3;2025
20250915;2025-09-15;Segunda-Feira;38;Setembro;Set;9;3;2025
20250916;2025-09-16;Terça-Feira;38;Setembro;Set;9;3;2025
20250917;2025-09-17;Quarta-Feira;38;Setembro;Set;9;3;2025
20250918;2025-09-18;Quinta-Feira;38;Setembro;Set;9;3;2025
20250919;2025-09-19;Sexta-Feira;38;Setembro;Set;9;3;2025
20250920;2025-09-20;Sábado;38;Setembro;Set;9;3;2025
20250921;2025-09-21;Domingo;39;Setembro;Set;9;3;2025
20250922;2025-09-22;Segunda-Feira;39;Setembro;Set;9;3;2025
20250923;2025-09-23;Terça-Feira;39;Setembro;Set;9;3;2025
20250924;2025-09-24;Quarta-Feira;39;Setembro;Set;9;3;2025
20250925;2025-09-25;Quinta-Feira;39;Setembro;Set;9;3;2025
20250926;2025-09-26;Sexta-Feira;39;Setembro;Set;9;3;2025
20250927;2025-09-27;Sábado;39;Setembro;Set;9;3;2025
20250928;2025-09-28;Domingo;40;Setembro;Set;9;3;2025
20250929;2025-09-29;Segunda-Feira;40;Setembro;Set;9;3;2025
20250930;2025-09-30;Terça-Feira;40;Setembro;Set;9;3;2025
20251001;2025-10-01;Quarta-Feira;40;Outubro;Out;10;4;2025
20251002;2025-10-02;Quinta-Feira;40;Outubro;Out;10;4;2025
20251003;2025-10-03;Sexta-Feira;40;Outubro;Out;10;4;2025
20251004;2025-10-04;Sábado;40;Outubro;Out;10;4;2025
20251005;2025-10-05;Domingo;41;Outubro;Out;10;4;2025
20251006;2025-10-06;Segunda-Feira;41;Outubro;Out;10;4;2025
20251007;2025-10-07;Terça-Feira;41;Outubro;Out;10;4;2025
20251008;2025-10-08;Quarta-Feira;41;Outubro;Out;10;4;2025
20251009;2025-10-09;Quinta-Feira;41;Outubro;Out;10;4;2025
20251010;2025-10-10;Sexta-Feira;41;Outubro;Out;10;4;2025
20251011;2025-10-11;Sábado;41;Outubro;Out;10;4;2025
20251012;2025-10-12;Domingo;42;Outubro;Out;10;4;2025
20251013;2025-10-13;Segunda-Feira;42;Outubro;Out;10;4;2025
20251014;2025-10-14;Terça-Feira;42;Outubro;Out;10;4;2025
20251015;2025-10-15;Quarta-Feira;42;Outubro;Out;10;4;2025
20251016;2025-10-16;Quinta-Feira;42;Outubro;Out;10;4;2025
20251017;2025-10-17;Sexta-Feira;42;Outubro;Out;10;4;2025
20251018;2025-10-18;Sábado;42;Outubro;Out;10;4;2025
20251019;2025-10-19;Domingo;43;Outubro;Out;10;4;2025
20251020;2025-10-20;Segunda-Feira;43;Outubro;Out;10;4;2025
20251021;2025-10-21;Terça-Feira;43;Outubro;Out;10;4;2025
20251022;2025-10-22;Quarta-Feira;43;Outubro;Out;10;4;2025
20251023;2025-10-23;Quinta-Feira;43;Outubro;Out;10;4;2025
20251024;2025-10-24;Sexta-Feira;43;Outubro;Out;10;4;2025
20251025;2025-10-25;Sábado;43;Outubro;Out;10;4;2025
20251026;2025-10-26;Domingo;44;Outubro;Out;10;4;2025
20251027;2025-10-27;Segunda-Feira;44;Outubro;Out;10;4;2025
20251028;2025-10-28;Terça-Feira;44;Outubro;Out;10;4;2025
20251029;2025-10-29;Quarta-Feira;44;Outubro;Out;10;4;2025
20251030;2025-10-30;Quinta-Feira;44;Outubro;Out;10;4;2025
20251031;2025-10-31;Sexta-Feira;44;Outubro;Out;10;4;2025
20251101;2025-11-01;Sábado;44;Novembro;Nov;11;4;2025
20251102;2025-11-02;Domingo;45;Novembro;Nov;11;4;2025
20251103;2025-11-03;Segunda-Feira;45;Novembro;Nov;11;4;2025
20251104;2025-11-04;Terça-Feira;45;Novembro;Nov;11;4;2025
20251105;2025-11-05;Quarta-Feira;45;Novembro;Nov;11;4;2025
20251106;2025-11-06;Quinta-Feira;45;Novembro;Nov;11;4;2025
20251107;2025-11-07;Sexta-Feira;45;Novembro;Nov;11;4;2025
20251108;2025-11-08;Sábado;45;Novembro;Nov;11;4;2025
20251109;2025-11-09;Domingo;46;Novembro;Nov;11;4;2025
20251110;2025-11-10;Segunda-Feira;46;Novembro;Nov;11;4;2025
20251111;2025-11-11;Terça-Feira;46;Novembro;Nov;11;4;2025
20251112;2025-11-12;Quarta-Feira;46;Novembro;Nov;11;4;2025
20251113;2025-11-13;Quinta-Feira;46;Novembro;Nov;11;4;2025
20251114;2025-11-14;Sexta-Feira;46;Novembro;Nov;11;4;2025
20251115;2025-11-15;Sábado;46;Novembro;Nov;11;4;2025
20251116;2025-11-16;Domingo;47;Novembro;Nov;11;4;2025
20251117;2025-11-17;Segunda-Feira;47;Novembro;Nov;11;4;2025
20251118;2025-11-18;Terça-Feira;47;Novembro;Nov;11;4;2025
20251119;2025-11-19;Quarta-Feira;47;Novembro;Nov;11;4;2025
20251120;2025-11-20;Quinta-Feira;47;Novembro;Nov;11;4;2025
20251121;2025-11-21;Sexta-Feira;47;Novembro;Nov;11;4;2025
20251122;2025-11-22;Sábado;47;Novembro;Nov;11;4;2025
20251123;2025-11-23;Domingo;48;Novembro;Nov;11;4;2025
20251124;2025-11-24;Segunda-Feira;48;Novembro;Nov;11;4;2025
20251125;2025-11-25;Terça-Feira;48;Novembro;Nov;11;4;2025
20251126;2025-11-26;Quarta-Feira;48;Novembro;Nov;11;4;2025
20251127;2025-11-27;Quinta-Feira;48;Novembro;Nov;11;4;2025
20251128;2025-11-28;Sexta-Feira;48;Novembro;Nov;11;4;2025
20251129;2025-11-29;Sábado;48;Novembro;Nov;11;4;2025
20251130;2025-11-30;Domingo;49;Novembro;Nov;11;4;2025
20251201;2025-12-01;Segunda-Feira;49;Dezembro;Dez;12;4;2025
20251202;2025-12-02;Terça-Feira;49;Dezembro;Dez;12;4;2025
20251203;2025-12-03;Quarta-Feira;49;Dezembro;Dez;12;4;2025
20251204;2025-12-04;Quinta-Feira;49;Dezembro;Dez;12;4;2025
20251205;2025-12-05;Sexta-Feira;49;Dezembro;Dez;12;4;2025
20251206;2025-12-06;Sábado;49;Dezembro;Dez;12;4;2025
20251207;2025-12-07;Domingo;50;Dezembro;Dez;12;4;2025
20251208;2025-12-08;Segunda-Feira;50;Dezembro;Dez;12;4;2025
20251209;2025-12-09;Terça-Feira;50;Dezembro;Dez;12;4;2025
20251210;2025-12-10;Quarta-Feira;50;Dezembro;Dez;12;4;2025
20251211;2025-12-11;Quinta-Feira;50;Dezembro;Dez;12;4;2025
20251212;2025-12-12;Sexta-Feira;50;Dezembro;Dez;12;4;2025
20251213;2025-12-13;Sábado;50;Dezembro;Dez;12;4;2025
20251214;2025-12-14;Domingo;51;Dezembro;Dez;12;4;2025
20251215;2025-12-15;Segunda-Feira;51;Dezembro;Dez;12;4;2025
20251216;2025-12-16;Terça-Feira;51;Dezembro;Dez;12;4;2025
20251217;2025-12-17;Quarta-Feira;51;Dezembro;Dez;12;4;2025
20251218;2025-12-18;Quinta-Feira;51;Dezembro;Dez;12;4;2025
20251219;2025-12-19;Sexta-Feira;51;Dezembro;Dez;12;4;2025
20251220;2025-12-20;Sábado;51;Dezembro;Dez;12;4;2025
20251221;2025-12-21;Domingo;52;Dezembro;Dez;12;4;2025
20251222;2025-12-22;Segunda-Feira;52;Dezembro;Dez;12;4;2025
20251223;2025-12-23;Terça-Feira;52;Dezembro;Dez;12;4;2025
20251224;2025-12-24;Quarta-Feira;52;Dezembro;Dez;12;4;2025
20251225;2025-12-25;Quinta-Feira;52;Dezembro;Dez;12;4;2025
20251226;2025-12-26;Sexta-Feira;52;Dezembro;Dez;12;4;2025
20251227;2025-12-27;Sábado;52;Dezembro;Dez;12;4;2025
20251228;2025-12-28;Domingo;53;Dezembro;Dez;12;4;2025
20251229;2025-12-29;Segunda-Feira;53;Dezembro;Dez;12;4;2025
20251230;2025-12-30;Terça-Feira;53;Dezembro;Dez;12;4;2025
20251231;2025-12-31;Quarta-Feira;53;Dezembro;Dez;12;4;2025
